<?xml version="1.0" encoding="utf-8"?>
<extension type="module" client="site" version="2.5.8" method="upgrade">
    <name>Registration Form</name>
    <author>Qawelesizwe Mlilo</author>
    <authorEmail>qawemlilo@gmail.com</authorEmail>
    <authorUrl>http://www.ragingflame.co.za/</authorUrl>
    <license>GPL/GNU</license>
    <version>0.0.1</version>
    <description>Custom Registration Form</description>

    <files>
        <filename>mod_regform.xml</filename>
        <filename module="mod_regform">mod_regform.php</filename>
        <filename>index.html</filename>
        <filename>helper.php</filename>
        <filename>tmpl/default.php</filename>
        <filename>tmpl/index.html</filename>
        <folder>files</folder>
    </files>
</extension>