<?xml version="1.0" encoding="utf-8"?>
<extension type="module" client="site" version="2.5.8" method="upgrade">
    <name>HPSearch</name>
    <author>Qawelesizwe Mlilo</author>
    <authorEmail>qawemlilo@gmail.com</authorEmail>
    <authorUrl>http://www.ragingflame.co.za/</authorUrl>
    <license>GPL/GNU</license>
    <version>0.0.1</version>
    <description>HP Search</description>

    <files>
        <filename>mod_hpsearch.xml</filename>
        <filename module="mod_hpsearch">mod_hpsearch.php</filename>
        <filename>index.html</filename>
        <filename>helper.php</filename>
        <folder>tmpl</folder>
        <folder>files</folder>
    </files>
</extension>