<?xml version="1.0" encoding="utf-8"?><extension type="component" version="2.5.4" method="upgrade">    <name>Holiness</name>    <creationDate>11 June 2013</creationDate>    <author>Qawelesizwe Mlilo</author>    <authorEmail>qawemlilo@gmail.com</authorEmail>    <authorUrl>http://www.ragingflame.co.za</authorUrl>    <copyright>(C)2013 Raging Flame</copyright>    <license>(C)2013 Raging Flame</license>    <version>0.0.1</version>        <description>Holiness Page</description>    <files folder="site">        <filename>index.html</filename>        <filename>holiness.php</filename>        <filename>controller.php</filename>        <folder>controllers</folder>        <folder>views</folder>        <folder>models</folder>    </files>        <administration>        <menu>Holiness</menu>                    <files folder="admin">            <filename>index.html</filename>            <filename>holiness.php</filename>            <filename>controller.php</filename>        </files>    </administration></extension>